title;price;old_price;link;img
Tommy Hilfiger - Color-Block Zip Polo Dress. Color Bubblegum.;$20.83;$59.50;https://www.6pm.com/p/tommy-hilfiger-color-block-zip-polo-dress-bubblegum/product/9670357/color/13677;https://m.media-amazon.com/images/I/61lFMHhFSXL._AC_SR255,340_.jpg
Bebe - Off-the-Shoulder Mesh Ruched Dress. Color Black.;$32.70;$109.00;https://www.6pm.com/p/bebe-off-the-shoulder-mesh-ruched-dress-black/product/9686180/color/3;https://m.media-amazon.com/images/I/71umxLlHPyL._AC_SR255,340_.jpg
Bebe - Off-the-Shoulder Mesh Ruched Dress. Color Champagne.;$49.05;$109.00;https://www.6pm.com/p/bebe-off-the-shoulder-mesh-ruched-dress-champagne/product/9686180/color/270;https://m.media-amazon.com/images/I/71yx33FVkVL._AC_SR255,340_.jpg
Bebe - Printed Ring Detail Cutout Maxi Dress. Color Multi.;$118.30;$169.00;https://www.6pm.com/p/bebe-printed-ring-detail-cutout-maxi-dress-multi/product/9800152/color/767;https://m.media-amazon.com/images/I/817hmqIcJML._AC_SR255,340_.jpg
Bebe - Printed Knit Dress. Color Olive/Multi.;$55.30;$79.00;https://www.6pm.com/p/bebe-printed-knit-dress-olive-multi/product/9800134/color/151969;https://m.media-amazon.com/images/I/61RFz3x-faL._AC_SR255,340_.jpg
Bebe - Printed Knit Dress. Color Brown/Multi.;$55.30;$79.00;https://www.6pm.com/p/bebe-printed-knit-dress-brown-multi/product/9800134/color/1425;https://m.media-amazon.com/images/I/71jEvjvVb5L._AC_SR255,340_.jpg
Tommy Jeans - Washed Rib Midi Dress. Color Scarlet.;$41.40;$69.00;https://www.6pm.com/p/tommy-jeans-washed-rib-midi-dress-scarlet/product/9796445/color/4774;https://m.media-amazon.com/images/I/71uLYbXQavL._AC_SR255,340_.jpg
Tommy Jeans - Washed Rib Midi Dress. Color Sky Captain.;$41.40;$69.00;https://www.6pm.com/p/tommy-jeans-washed-rib-midi-dress-sky-captain/product/9796445/color/444168;https://m.media-amazon.com/images/I/61nrmRDEwlL._AC_SR255,340_.jpg
Tommy Hilfiger - Color-Block Polo. Color Bright White.;$29.70;$49.50;https://www.6pm.com/p/tommy-hilfiger-color-block-polo-bright-white/product/9691637/color/43247;https://m.media-amazon.com/images/I/71AAd4iDzeL._AC_SR255,340_.jpg
Tommy Hilfiger - Stripe Polo Dress. Color Blue Sky Combo.;$35.70;$59.50;https://www.6pm.com/p/tommy-hilfiger-stripe-polo-dress-blue-sky-combo/product/9691592/color/976674;https://m.media-amazon.com/images/I/61htjBKHhZL._AC_SR255,340_.jpg
Tommy Hilfiger - Stripe Polo Dress. Color Iconic Multi.;$35.70;$59.50;https://www.6pm.com/p/tommy-hilfiger-stripe-polo-dress-iconic-multi/product/9691592/color/883860;https://m.media-amazon.com/images/I/61ttArfRNEL._AC_SR255,340_.jpg
Tommy Jeans - Crop Color-Block Sweater Tank. Color Sky Captain/New Leaf.;$35.40;$59.00;https://www.6pm.com/p/tommy-jeans-crop-color-block-sweater-tank-sky-captain-new-leaf/product/9796463/color/1018752;https://m.media-amazon.com/images/I/71wBUr7sU8L._AC_SR255,340_.jpg
Tommy Hilfiger - Short Sleeve Global Zip Polo. Color Bubblegum.;$17.33;$49.50;https://www.6pm.com/p/tommy-hilfiger-short-sleeve-global-zip-polo-bubblegum/product/9670373/color/13677;https://m.media-amazon.com/images/I/61RyPbQuuSL._AC_SR255,340_.jpg
U.S. POLO ASSN. - Yoke Skirt Dress. Color White.;$35.10;$54.00;https://www.6pm.com/p/u-s-polo-assn-yoke-skirt-dress-white/product/9787460/color/14;https://m.media-amazon.com/images/I/71iheI8AOOL._AC_SR255,340_.jpg
Buffalo David Bitton - Angelique Long Sleeve Wrap Ruffle Dress. Color Botanical Print. ;$129.00;;https://www.6pm.com/p/buffalo-david-bitton-angelique-long-sleeve-wrap-ruffle-dress-botanical-print/product/9817147/color/116455;https://m.media-amazon.com/images/I/7189lKg9RNL._AC_SR255,340_.jpg
Tommy Hilfiger - Color-Block Polo. Color Scarlet.;$29.70;$49.50;https://www.6pm.com/p/tommy-hilfiger-color-block-polo-scarlet/product/9691637/color/4774;https://m.media-amazon.com/images/I/81i3NJWNQbL._AC_SR255,340_.jpg
Tommy Jeans - Crop Color-Block Sweater Tank. Color Bright White/Sky Captain.;$35.40;$59.00;https://www.6pm.com/p/tommy-jeans-crop-color-block-sweater-tank-bright-white-sky-captain/product/9796463/color/852922;https://m.media-amazon.com/images/I/81+tliCf26L._AC_SR255,340_.jpg
Buffalo David Bitton - Adrienne Lace Collar Tee. Color White. ;$45.00;;https://www.6pm.com/p/buffalo-david-bitton-adrienne-lace-collar-tee-white/product/9817140/color/14;https://m.media-amazon.com/images/I/819tO5JOf7L._AC_SR255,340_.jpg
Tommy Jeans - Smock Waist Zip Hoodie. Color Bright White.;$47.40;$79.00;https://www.6pm.com/p/tommy-jeans-smock-waist-zip-hoodie-bright-white/product/9796458/color/43247;https://m.media-amazon.com/images/I/81AQ8DpZaaL._AC_SR255,340_.jpg
H Halston - Sleeveless Spaghetti Strap Tier Dress. Color Parakeet.;$65.40;$109.00;https://www.6pm.com/p/h-halston-sleeveless-spaghetti-strap-tier-dress-parakeet/product/9805912/color/28172;https://m.media-amazon.com/images/I/61PgomjjtAL._AC_SR255,340_.jpg
H Halston - Sleeveless Spaghetti Strap Tier Dress. Color Tropical Palm Lime Punch.;$65.40;$109.00;https://www.6pm.com/p/h-halston-sleeveless-spaghetti-strap-tier-dress-tropical-palm-lime-punch/product/9805912/color/1021522;https://m.media-amazon.com/images/I/71eb+fnInOL._AC_SR255,340_.jpg
H Halston - Sleeveless Spaghetti Strap Tier Dress. Color Dotted Leaf Black.;$65.40;$109.00;https://www.6pm.com/p/h-halston-sleeveless-spaghetti-strap-tier-dress-dotted-leaf-black/product/9805912/color/1021524;https://m.media-amazon.com/images/I/81Ij8hwvAKL._AC_SR255,340_.jpg
H Halston - Sleeveless Spaghetti Strap Tier Dress. Color Rainforest Coral Quartz.;$65.40;$109.00;https://www.6pm.com/p/h-halston-sleeveless-spaghetti-strap-tier-dress-rainforest-coral-quartz/product/9805912/color/1021521;https://m.media-amazon.com/images/I/81wiDC2cfdL._AC_SR255,340_.jpg
H Halston - Sleeveless Ruched Neck Eyelet Combo Dress. Color White.;$77.40;$129.00;https://www.6pm.com/p/h-halston-sleeveless-ruched-neck-eyelet-combo-dress-white/product/9805913/color/14;https://m.media-amazon.com/images/I/6140xNMk-AL._AC_SR255,340_.jpg
H Halston - Caftan Dress. Color Variegated Stripe Beach Glass.;$71.40;$119.00;https://www.6pm.com/p/h-halston-caftan-dress-variegated-stripe-beach-glass/product/9806227/color/1021663;https://m.media-amazon.com/images/I/71i34dLYtjL._AC_SR255,340_.jpg
H Halston - Caftan Dress. Color Tropical Palm Lime Punch.;$71.40;$119.00;https://www.6pm.com/p/h-halston-caftan-dress-tropical-palm-lime-punch/product/9806229/color/1021522;https://m.media-amazon.com/images/I/71qyUcsqLzL._AC_SR255,340_.jpg
Tommy Hilfiger - Sleeveless Floral Shirt. Color Scarlet Multi.;$36.27;$54.50;https://www.6pm.com/p/tommy-hilfiger-sleeveless-floral-shirt-scarlet-multi/product/9691655/color/373343;https://m.media-amazon.com/images/I/81I8bgUQpdL._AC_SR255,340_.jpg
"Signature by Levi Strauss & Co. Gold Label - Heritage High-Rise 3"" Shorts. Color Shadow Quartz. ";$21.99;;https://www.6pm.com/p/signature-by-levi-strauss-co-gold-label-heritage-high-rise-3-shorts-shadow-quartz/product/9710764/color/985034;https://m.media-amazon.com/images/I/71HSwsRN49L._AC_SR255,340_.jpg
"Signature by Levi Strauss & Co. Gold Label - Heritage High-Rise 3"" Shorts. Color Bright Eyez. ";$21.99;;https://www.6pm.com/p/signature-by-levi-strauss-co-gold-label-heritage-high-rise-3-shorts-bright-eyez/product/9710764/color/985032;https://m.media-amazon.com/images/I/71Q8Sluj2vL._AC_SR255,340_.jpg
"Signature by Levi Strauss & Co. Gold Label - Heritage High-Rise 3"" Shorts. Color Heavenly Blue. ";$21.99;;https://www.6pm.com/p/signature-by-levi-strauss-co-gold-label-heritage-high-rise-3-shorts-heavenly-blue/product/9710764/color/113821;https://m.media-amazon.com/images/I/71OIHzHI3PL._AC_SR255,340_.jpg
Tommy Jeans - Zip Polo Dress. Color Sky Captain.;$39.00;$65.00;https://www.6pm.com/p/tommy-jeans-zip-polo-dress-sky-captain/product/9796438/color/444168;https://m.media-amazon.com/images/I/71S-eFPY43L._AC_SR255,340_.jpg
Tommy Jeans - Zip Polo Dress. Color Mellow Yellow.;$39.00;$65.00;https://www.6pm.com/p/tommy-jeans-zip-polo-dress-mellow-yellow/product/9796438/color/134620;https://m.media-amazon.com/images/I/6157aNgImlL._AC_SR255,340_.jpg
Tommy Hilfiger - Stripe Camp Shirt. Color Snapdragon.;$28.79;$54.50;https://www.6pm.com/p/tommy-hilfiger-stripe-camp-shirt-snapdragon/product/9691646/color/58311;https://m.media-amazon.com/images/I/71eEMu2DiWL._AC_SR255,340_.jpg
Tommy Hilfiger - Stripe Camp Shirt. Color Blue Sky.;$29.66;$54.50;https://www.6pm.com/p/tommy-hilfiger-stripe-camp-shirt-blue-sky/product/9691646/color/14492;https://m.media-amazon.com/images/I/71O6dt6lFRL._AC_SR255,340_.jpg
Tommy Jeans - Zip Polo Dress. Color Scarlet.;$39.00;$65.00;https://www.6pm.com/p/tommy-jeans-zip-polo-dress-scarlet/product/9796438/color/4774;https://m.media-amazon.com/images/I/71FsnoQUz1L._AC_SR255,340_.jpg
U.S. POLO ASSN. - Long Sleeve Solid Stretch Oxford Woven Shirt. Color Engine Red.;$26.40;$48.00;https://www.6pm.com/p/u-s-polo-assn-long-sleeve-solid-stretch-oxford-woven-shirt-engine-red/product/9787473/color/317466;https://m.media-amazon.com/images/I/81bvXy4dLxL._AC_SR255,340_.jpg
Tommy Hilfiger - Sleeveless Lace Shirt. Color Bright White.;$29.44;$54.50;https://www.6pm.com/p/tommy-hilfiger-sleeveless-lace-shirt-bright-white/product/9691647/color/43247;https://m.media-amazon.com/images/I/71fYZ7QcfRL._AC_SR255,340_.jpg
"Tommy Jeans - High-Rise 3"" Denim Cutoff Shorts. Color Victoria Wash.";$35.40;$59.00;https://www.6pm.com/p/tommy-jeans-high-rise-3-denim-cutoff-shorts-victoria-wash/product/9796649/color/1017668;https://m.media-amazon.com/images/I/71GxqZMCsgL._AC_SR255,340_.jpg
U.S. POLO ASSN. - High-Rise Tapered Paperbag Stretch Denim Jeans in Santa Monica Wash. Color Santa Monica Wash.;$32.50;$50.00;https://www.6pm.com/p/u-s-polo-assn-high-rise-tapered-paperbag-stretch-denim-jeans-in-santa-monica-wash-santa-monica-wash/product/9791307/color/274494;https://m.media-amazon.com/images/I/81vMuF0gWPL._AC_SR255,340_.jpg
Tommy Hilfiger - Pen Pal Floral Dress. Color Grenadine Multi.;$54.56;$99.00;https://www.6pm.com/p/tommy-hilfiger-pen-pal-floral-dress-grenadine-multi/product/9818912/color/214221;https://m.media-amazon.com/images/I/71YESS2S-hL._AC_SR255,340_.jpg
Tommy Jeans - Waffle Tee. Color Bright White.;$27.00;$45.00;https://www.6pm.com/p/tommy-jeans-waffle-tee-bright-white/product/9796454/color/43247;https://m.media-amazon.com/images/I/71v2gp-3dgL._AC_SR255,340_.jpg
U.S. POLO ASSN. - Sleeveless Polo Shirt. Color Easy Turquoise.;$22.00;$40.00;https://www.6pm.com/p/u-s-polo-assn-sleeveless-polo-shirt-easy-turquoise/product/9787483/color/954674;https://m.media-amazon.com/images/I/71AFJuz5d4L._AC_SR255,340_.jpg
Tommy Jeans - Striped Racerback Midi Dress. Color Sky Captain/Bright White.;$35.75;$65.00;https://www.6pm.com/p/tommy-jeans-striped-racerback-midi-dress-sky-captain-bright-white/product/9796439/color/858095;https://m.media-amazon.com/images/I/71AIHbNTygL._AC_SR255,340_.jpg
Tommy Jeans - Striped Racerback Midi Dress. Color Maui Blue/Bright White.;$35.75;$65.00;https://www.6pm.com/p/tommy-jeans-striped-racerback-midi-dress-maui-blue-bright-white/product/9796439/color/1018746;https://m.media-amazon.com/images/I/7111NhLcD7L._AC_SR255,340_.jpg
U.S. POLO ASSN. - Sleeveless Polo Shirt. Color Pink Sangria.;$18.00;$40.00;https://www.6pm.com/p/u-s-polo-assn-sleeveless-polo-shirt-pink-sangria/product/9787483/color/332022;https://m.media-amazon.com/images/I/81Yh790vT6L._AC_SR255,340_.jpg
Tommy Hilfiger - Popover with Drawstring. Color Blue/White.;$31.28;$69.50;https://www.6pm.com/p/tommy-hilfiger-popover-with-drawstring-blue-white/product/9691656/color/1418;https://m.media-amazon.com/images/I/71y1f1l7HxL._AC_SR255,340_.jpg
Tommy Hilfiger - Off-the-Shoulder Floral Ruffle Top. Color Sky Captain Multi.;$24.33;$69.50;https://www.6pm.com/p/tommy-hilfiger-off-the-shoulder-floral-ruffle-top-sky-captain-multi/product/9691643/color/808971;https://m.media-amazon.com/images/I/81Gj8kWWogL._AC_SR255,340_.jpg
Tommy Jeans - Waffle Tee. Color Scarlet.;$17.38;$45.00;https://www.6pm.com/p/tommy-jeans-waffle-tee-scarlet/product/9796454/color/4774;https://m.media-amazon.com/images/I/71rO3KjE1ML._AC_SR255,340_.jpg
"U.S. POLO ASSN. - 4 1/2"" Mid-Rise Stretch Denim Shorts in Medium Enzyme Wash. Color Medium Enzyme Wash.";$24.20;$44.00;https://www.6pm.com/p/u-s-polo-assn-4-1-2-mid-rise-stretch-denim-shorts-in-medium-enzyme-wash-medium-enzyme-wash/product/9791328/color/1017660;https://m.media-amazon.com/images/I/71nllEreUjL._AC_SR255,340_.jpg
Bebe - Illusion Cutout Sparkle Gown. Color White.;$85.05;$189.00;https://www.6pm.com/p/bebe-illusion-cutout-sparkle-gown-white/product/9800151/color/14;https://m.media-amazon.com/images/I/51B9UuuwSvL._AC_SR255,340_.jpg
Madewell - Gingham Puff Sleeve Button Front Crop Top. Color True Black.;$33.64;$69.50;https://www.6pm.com/p/madewell-gingham-puff-sleeve-button-front-crop-top-true-black/product/9810381/color/93164;https://m.media-amazon.com/images/I/81NE2iv2GtL._AC_SR255,340_.jpg
Madewell - Amy Floral Textured Cotton Top. Color Frosted Willow. Low Stock.;$36.90;$82.00;https://www.6pm.com/p/madewell-amy-floral-textured-cotton-top-frosted-willow/product/9810382/color/974636;https://m.media-amazon.com/images/I/71PMUKJQyUL._AC_SR255,340_.jpg
Tommy Hilfiger - Rugby Stripe Short Sleeve Polo. Color Cool Combo.;$29.70;$49.50;https://www.6pm.com/p/tommy-hilfiger-rugby-stripe-short-sleeve-polo-cool-combo/product/9691619/color/673141;https://m.media-amazon.com/images/I/71Q4JFI2goL._AC_SR255,340_.jpg
Tommy Hilfiger - Stripe Sleeve Tee. Color Scarlet.;$26.70;$44.50;https://www.6pm.com/p/tommy-hilfiger-stripe-sleeve-tee-scarlet/product/9691608/color/4774;https://m.media-amazon.com/images/I/71FqiRZTctL._AC_SR255,340_.jpg
Tommy Hilfiger - Baseball Logo Tee. Color Sky Captain.;$28.66;$39.50;https://www.6pm.com/p/tommy-hilfiger-baseball-logo-tee-sky-captain/product/9670397/color/444168;https://m.media-amazon.com/images/I/81EYCc-8sIL._AC_SR255,340_.jpg
Tommy Hilfiger - Short Sleeve V-Neck Tee Stripe. Color Rosette. ;$24.50;;https://www.6pm.com/p/tommy-hilfiger-short-sleeve-v-neck-tee-stripe-rosette/product/9805358/color/238450;https://m.media-amazon.com/images/I/71NrtShR8mL._AC_SR255,340_.jpg
Tommy Hilfiger - Popover with Drawstring. Color Bright White.;$41.70;$69.50;https://www.6pm.com/p/tommy-hilfiger-popover-with-drawstring-bright-white/product/9691642/color/43247;https://m.media-amazon.com/images/I/71bFc+0NQoL._AC_SR255,340_.jpg
U.S. POLO ASSN. - High-Rise Tapered Paperbag Stretch Denim Jeans in Oceanside Wash. Color Oceanside Wash.;$27.50;$50.00;https://www.6pm.com/p/u-s-polo-assn-high-rise-tapered-paperbag-stretch-denim-jeans-in-oceanside-wash-oceanside-wash/product/9791308/color/1017662;https://m.media-amazon.com/images/I/710mqnoLtSL._AC_SR255,340_.jpg
Tommy Jeans - Smock Waist Zip Hoodie. Color Stone Grey Heather.;$27.65;$79.00;https://www.6pm.com/p/tommy-jeans-smock-waist-zip-hoodie-stone-grey-heather/product/9796458/color/258251;https://m.media-amazon.com/images/I/81q9tahtDEL._AC_SR255,340_.jpg
U.S. POLO ASSN. - Piped Shorts. Color Malibu Wash.;$28.60;$44.00;https://www.6pm.com/p/u-s-polo-assn-piped-shorts-malibu-wash/product/9791357/color/259493;https://m.media-amazon.com/images/I/71vbgJM8UIL._AC_SR255,340_.jpg
"Signature by Levi Strauss & Co. Gold Label - Heritage High-Rise 5"" Shorts. Color Strike It Rich.";$17.27;$21.99;https://www.6pm.com/p/signature-by-levi-strauss-co-gold-label-heritage-high-rise-5-shorts-strike-it-rich/product/9710763/color/935331;https://m.media-amazon.com/images/I/71fXz-2nVVL._AC_SR255,340_.jpg
U.S. POLO ASSN. - V-Neck Flag in USPA/Cursive Graphic Tee. Color Classic Navy.;$13.50;$30.00;https://www.6pm.com/p/u-s-polo-assn-v-neck-flag-in-uspa-cursive-graphic-tee-classic-navy/product/9787489/color/7835;https://m.media-amazon.com/images/I/71+Ju-fWoeL._AC_SR255,340_.jpg
Reebok - Identity Bike Shorts. Color Light Sage. Low Stock.;$17.99;$25.00;https://www.6pm.com/p/reebok-identity-bike-shorts-light-sage/product/9527383/color/81140;https://m.media-amazon.com/images/I/610pw13x3pL._AC_SR255,340_.jpg
U.S. POLO ASSN. - V-Neck Flag in USPA/Cursive Graphic Tee. Color Optic White.;$13.50;$30.00;https://www.6pm.com/p/u-s-polo-assn-v-neck-flag-in-uspa-cursive-graphic-tee-optic-white/product/9787489/color/22819;https://m.media-amazon.com/images/I/71uzlw3gcAL._AC_SR255,340_.jpg
Tommy Jeans - Smock Waist Zip Hoodie. Color Sky Captain.;$27.65;$79.00;https://www.6pm.com/p/tommy-jeans-smock-waist-zip-hoodie-sky-captain/product/9796458/color/444168;https://m.media-amazon.com/images/I/81vV0wtunHL._AC_SR255,340_.jpg
"Signature by Levi Strauss & Co. Gold Label - Heritage High-Rise 5"" Shorts. Color Ace Den.";$17.27;$21.99;https://www.6pm.com/p/signature-by-levi-strauss-co-gold-label-heritage-high-rise-5-shorts-ace-den/product/9710763/color/985031;https://m.media-amazon.com/images/I/71oHDwffpLL._AC_SR255,340_.jpg
Tommy Hilfiger - Geometric Jersey Shirtdress. Color Navy/White.;$53.16;$129.00;https://www.6pm.com/p/tommy-hilfiger-geometric-jersey-shirtdress-navy-white/product/9626105/color/513;https://m.media-amazon.com/images/I/81w3BXcUdyL._AC_SR255,340_.jpg
London Times - V-Neck Sleeveless Empire Flare Midi Dress. Color Maritime Blue.;$87.09;$118.00;https://www.6pm.com/p/london-times-v-neck-sleeveless-empire-flare-midi-dress-maritime-blue/product/9722500/color/316453;https://m.media-amazon.com/images/I/71M3CyFADgL._AC_SR255,340_.jpg
U.S. POLO ASSN. - Open Placket Sleeveless Polo Shirt. Color Racing Red.;$22.00;$40.00;https://www.6pm.com/p/u-s-polo-assn-open-placket-sleeveless-polo-shirt-racing-red/product/9787485/color/171551;https://m.media-amazon.com/images/I/71KVsZlIE7L._AC_SR255,340_.jpg
"Signature by Levi Strauss & Co. Gold Label - Heritage High-Rise 5"" Shorts. Color Alpine Lake.";$17.27;$21.99;https://www.6pm.com/p/signature-by-levi-strauss-co-gold-label-heritage-high-rise-5-shorts-alpine-lake/product/9710763/color/411109;https://m.media-amazon.com/images/I/71DbmwDRsGL._AC_SR255,340_.jpg
U.S. POLO ASSN. - Open Placket Sleeveless Polo Shirt. Color Blue Raft.;$22.00;$40.00;https://www.6pm.com/p/u-s-polo-assn-open-placket-sleeveless-polo-shirt-blue-raft/product/9787485/color/633259;https://m.media-amazon.com/images/I/71EqO4l0jiL._AC_SR255,340_.jpg
U.S. POLO ASSN. - Open Placket Sleeveless Polo Shirt. Color White.;$18.00;$40.00;https://www.6pm.com/p/u-s-polo-assn-open-placket-sleeveless-polo-shirt-white/product/9787485/color/14;https://m.media-amazon.com/images/I/71wGozkHe7L._AC_SR255,340_.jpg
U.S. POLO ASSN. - Sleeveless Polo Shirt. Color Gloaming Orange.;$18.00;$40.00;https://www.6pm.com/p/u-s-polo-assn-sleeveless-polo-shirt-gloaming-orange/product/9787483/color/946963;https://m.media-amazon.com/images/I/71BWryt44kL._AC_SR255,340_.jpg
Tommy Hilfiger - Ombre Flag Tee. Color Scarlet.;$22.33;$39.50;https://www.6pm.com/p/tommy-hilfiger-ombre-flag-tee-scarlet/product/9618250/color/4774;https://m.media-amazon.com/images/I/71KivFIDx7L._AC_SR255,340_.jpg
Tommy Hilfiger - Short Sleeve Stripe Polo. Color Sky Captain/Bright White/Scarlet.;$26.70;$44.50;https://www.6pm.com/p/tommy-hilfiger-short-sleeve-stripe-polo-sky-captain-bright-white-scarlet/product/9576896/color/933286;https://m.media-amazon.com/images/I/712cS+zMQVL._AC_SR255,340_.jpg
Tommy Hilfiger - Short Sleeve V-Neck Tee. Color Plymouth Posy/French Blue Multi.;$16.83;$24.50;https://www.6pm.com/p/tommy-hilfiger-short-sleeve-v-neck-tee-plymouth-posy-french-blue-multi/product/9576894/color/933288;https://m.media-amazon.com/images/I/81XlVwR5lUL._AC_SR255,340_.jpg
London Times - Ruffle Collar Halter Maxi. Color Navy.;$53.10;$118.00;https://www.6pm.com/p/london-times-ruffle-collar-halter-maxi-navy/product/9721650/color/9;https://m.media-amazon.com/images/I/61GbVwPy+RL._AC_SR255,340_.jpg
Tommy Hilfiger - Space Dye Ivy Sweater. Color Iconic Multi.;$32.73;$59.50;https://www.6pm.com/p/tommy-hilfiger-space-dye-ivy-sweater-iconic-multi/product/9576935/color/883860;https://m.media-amazon.com/images/I/81cEpD9rKvL._AC_SR255,340_.jpg
Tommy Hilfiger - Ruffle Sleeve Popover. Color Sky Captain.;$41.70;$69.50;https://www.6pm.com/p/tommy-hilfiger-ruffle-sleeve-popover-sky-captain/product/9691623/color/444168;https://m.media-amazon.com/images/I/71aGOdtPN5L._AC_SR255,340_.jpg
U.S. POLO ASSN. - Neon Logos Short Sleeve Polo Shirt. Color Calypso Coral.;$17.10;$38.00;https://www.6pm.com/p/u-s-polo-assn-neon-logos-short-sleeve-polo-shirt-calypso-coral/product/8688961/color/39077;https://m.media-amazon.com/images/I/71Sx43zbAJL._AC_SR255,340_.jpg
U.S. POLO ASSN. - Neon Logos Short Sleeve Polo Shirt. Color New Pink.;$24.70;$38.00;https://www.6pm.com/p/u-s-polo-assn-neon-logos-short-sleeve-polo-shirt-new-pink/product/8688961/color/19868;https://m.media-amazon.com/images/I/71of4XlyClL._AC_SR255,340_.jpg
U.S. POLO ASSN. - Neon Logos Short Sleeve Polo Shirt. Color Scuba Blue.;$17.10;$38.00;https://www.6pm.com/p/u-s-polo-assn-neon-logos-short-sleeve-polo-shirt-scuba-blue/product/8688961/color/66045;https://m.media-amazon.com/images/I/71iD60kYyHL._AC_SR255,340_.jpg
"Madewell - Plus Size 10"" High-Rise Skinny Crop Jeans in Sheffield Wash. Color Sheffield Wash.";$60.75;$135.00;https://www.6pm.com/p/madewell-plus-size-10-high-rise-skinny-crop-jeans-in-sheffield-wash-sheffield-wash/product/9809455/color/918413;https://m.media-amazon.com/images/I/81u9uGY0wrL._AC_SR255,340_.jpg
Madewell - Pointelle Tie Neck Tunic Top. Color Castle Rock.;$27.39;$59.50;https://www.6pm.com/p/madewell-pointelle-tie-neck-tunic-top-castle-rock/product/9810384/color/112448;https://m.media-amazon.com/images/I/81uS--lJVIL._AC_SR255,340_.jpg
Tommy Hilfiger - Solid Short Sleeve Polo. Color Black.;$22.78;$44.50;https://www.6pm.com/p/tommy-hilfiger-solid-short-sleeve-polo-black/product/9496896/color/3;https://m.media-amazon.com/images/I/719JCAId0mL._AC_SR255,340_.jpg
Madewell - Whisper Cotton Rib Crew Neck Ringer Tee. Color Forest.;$16.48;$24.50;https://www.6pm.com/p/madewell-whisper-cotton-rib-crew-neck-ringer-tee-forest/product/9810385/color/365;https://m.media-amazon.com/images/I/81MeN+FBFBL._AC_SR255,340_.jpg
U.S. POLO ASSN. - Dot Yoke Skirt Dress. Color Easy Turquoise.;$37.80;$54.00;https://www.6pm.com/p/u-s-polo-assn-dot-yoke-skirt-dress-easy-turquoise/product/9787426/color/954674;https://m.media-amazon.com/images/I/71zhRHj3riL._AC_SR255,340_.jpg
Madewell - Textural Knit Crop Tank. Color Weathered Brick.;$27.23;$49.50;https://www.6pm.com/p/madewell-textural-knit-crop-tank-weathered-brick/product/9809447/color/924480;https://m.media-amazon.com/images/I/811kcqEbaUL._AC_SR255,340_.jpg
Madewell - Baggy Straight Jeans in Earlhurst Wash. Color Earlhurst Wash.;$68.60;$98.00;https://www.6pm.com/p/madewell-baggy-straight-jeans-in-earlhurst-wash-earlhurst-wash/product/9809454/color/1022583;https://m.media-amazon.com/images/I/81Ovds+rw-L._AC_SR255,340_.jpg
U.S. POLO ASSN. - Long Sleeve Solid Stretch Oxford Woven Shirt. Color Scuba Blue.;$21.60;$48.00;https://www.6pm.com/p/u-s-polo-assn-long-sleeve-solid-stretch-oxford-woven-shirt-scuba-blue/product/9787473/color/66045;https://m.media-amazon.com/images/I/81qtku1VzPL._AC_SR255,340_.jpg
Madewell - Tank Bodysuit. Color Lighthouse.;$21.73;$39.50;https://www.6pm.com/p/madewell-tank-bodysuit-lighthouse/product/9809449/color/296577;https://m.media-amazon.com/images/I/81WczVpSxaL._AC_SR255,340_.jpg
U.S. POLO ASSN. - Dot Print Polo Shirt. Color Rose Sachet.;$20.90;$38.00;https://www.6pm.com/p/u-s-polo-assn-dot-print-polo-shirt-rose-sachet/product/9359938/color/945257;https://m.media-amazon.com/images/I/71Bx6cNBG3L._AC_SR255,340_.jpg
U.S. POLO ASSN. - Dot Print Polo Shirt. Color Light Heather Grey.;$20.90;$38.00;https://www.6pm.com/p/u-s-polo-assn-dot-print-polo-shirt-light-heather-grey/product/9359938/color/120038;https://m.media-amazon.com/images/I/81nKinK8ylL._AC_SR255,340_.jpg
Madewell - Plush Ribbed Square Neck Smocked Top. Color True Black.;$35.78;$79.50;https://www.6pm.com/p/madewell-plush-ribbed-square-neck-smocked-top-true-black/product/9810383/color/93164;https://m.media-amazon.com/images/I/81sqzrQYrIL._AC_SR255,340_.jpg
Madewell - Seersucker Button Shoulder Top. Color Vintage Quartz. Low Stock.;$27.82;$49.50;https://www.6pm.com/p/madewell-seersucker-button-shoulder-top-vintage-quartz/product/9810387/color/741965;https://m.media-amazon.com/images/I/8172inb0APL._AC_SR255,340_.jpg
Madewell - Gingham Seersucker Button Shoulder Top. Color Faded Lavender.;$35.35;$50.50;https://www.6pm.com/p/madewell-gingham-seersucker-button-shoulder-top-faded-lavender/product/9810389/color/304610;https://m.media-amazon.com/images/I/81IEXkv--tL._AC_SR255,340_.jpg
Columbia - Plus Size Trek™ Capris. Color Wild Fuchsia.;$35.15;$60.00;https://www.6pm.com/p/columbia-plus-size-trek-capris-wild-fuchsia/product/9613221/color/168141;https://m.media-amazon.com/images/I/61S5yXl6sGL._AC_SR255,340_.jpg
U.S. POLO ASSN. - Neon Logos Short Sleeve Polo Shirt. Color Blue Raft.;$20.90;$38.00;https://www.6pm.com/p/u-s-polo-assn-neon-logos-short-sleeve-polo-shirt-blue-raft/product/8688961/color/633259;https://m.media-amazon.com/images/I/81CfcGcwjrL._AC_SR255,340_.jpg
U.S. POLO ASSN. - Dot Print Polo Shirt. Color Paradise Mint.;$24.70;$38.00;https://www.6pm.com/p/u-s-polo-assn-dot-print-polo-shirt-paradise-mint/product/9359938/color/945259;https://m.media-amazon.com/images/I/71g5ryiDlvL._AC_SR255,340_.jpg
U.S. POLO ASSN. - Neon Logos Short Sleeve Polo Shirt. Color Light Grey Heather.;$17.10;$38.00;https://www.6pm.com/p/u-s-polo-assn-neon-logos-short-sleeve-polo-shirt-light-grey-heather/product/8688961/color/29080;https://m.media-amazon.com/images/I/811S7CPiAZL._AC_SR255,340_.jpg
