Бренд,Товар,ЦЕНА,Ссылка
ФурнитураОк,Замок оконный, 1 066 руб.,https://www.wildberries.ru/catalog/35757906/detail.aspx?targetUrl=GP
home day,Москитная сетка Гвоздик / кнопки-гвоздики, 990 руб.,https://www.wildberries.ru/catalog/65948084/detail.aspx?targetUrl=GP
ФурнитураОк,Ручка оконная, 1 013 руб.,https://www.wildberries.ru/catalog/32726679/detail.aspx?targetUrl=GP
ФурнитураОк,Замок оконный, 823 руб.,https://www.wildberries.ru/catalog/35757506/detail.aspx?targetUrl=GP
home day,Москитная сетка Гвоздик / кнопки-гвоздики, 990 руб.,https://www.wildberries.ru/catalog/65948085/detail.aspx?targetUrl=GP
ФурнитураОк,Замок оконный, 583 руб.,https://www.wildberries.ru/catalog/19206736/detail.aspx?targetUrl=GP
OKNO-V,Москитная сетка, 326 руб.,https://www.wildberries.ru/catalog/22285075/detail.aspx?targetUrl=GP
Наш маркет,Москитная сетка, 245 руб.,https://www.wildberries.ru/catalog/35738262/detail.aspx?targetUrl=GP
Москитная сетка Vip,Москитная сетка, 720 руб.,https://www.wildberries.ru/catalog/73379173/detail.aspx?targetUrl=GP
DECOTEX,Москитная сетка магнит, 1 190 руб.,https://www.wildberries.ru/catalog/12010400/detail.aspx?targetUrl=GP
trend shop,Москитная сетка, 740 руб.,https://www.wildberries.ru/catalog/12587303/detail.aspx?targetUrl=GP
DECOTEX,Москитная сетка магнит, 1 190 руб.,https://www.wildberries.ru/catalog/12010403/detail.aspx?targetUrl=GP
ФурнитураОк,Ручка оконная, 725 руб.,https://www.wildberries.ru/catalog/32725318/detail.aspx?targetUrl=GP
ol&vo,Москитная сетка лента на клеевой основе, 234 руб.,https://www.wildberries.ru/catalog/66618010/detail.aspx?targetUrl=GP
SunHouse,Москитная сетка подвесной, 1 344 руб.,https://www.wildberries.ru/catalog/29015270/detail.aspx?targetUrl=GP
Москитная сетка Vip,Москитная сетка, 210 руб.,https://www.wildberries.ru/catalog/71666053/detail.aspx?targetUrl=GP
Дачный Мир,Москитная сетка Гвоздик / Кнопки, 899 руб.,https://www.wildberries.ru/catalog/76165320/detail.aspx?targetUrl=GP
EasyPrid,Стоппер, 810 руб.,https://www.wildberries.ru/catalog/53792139/detail.aspx?targetUrl=GP
ФурнитураОк,Ограничитель оконный, 206 руб.,https://www.wildberries.ru/catalog/18402106/detail.aspx?targetUrl=GP
ФурнитураОк,Ручка оконная, 962 руб.,https://www.wildberries.ru/catalog/37190265/detail.aspx?targetUrl=GP
Москитная сетка,Москитная сетка Лента-липучка, 230 руб.,https://www.wildberries.ru/catalog/30975982/detail.aspx?targetUrl=GP
SunHouse,Москитная сетка подвесной, 1 344 руб.,https://www.wildberries.ru/catalog/29015271/detail.aspx?targetUrl=GP
ФурнитураОк,Ограничитель оконный, 351 руб.,https://www.wildberries.ru/catalog/43954466/detail.aspx?targetUrl=GP
AirLock,Уплотнитель для окна, 2 691 руб.,https://www.wildberries.ru/catalog/31767230/detail.aspx?targetUrl=GP
AlexMax,Москитная сетка Самоклеящаяся контактная лента, 227 руб.,https://www.wildberries.ru/catalog/75171316/detail.aspx?targetUrl=GP
АГАТ.,Замок оконный, 360 руб.,https://www.wildberries.ru/catalog/13974638/detail.aspx?targetUrl=GP
HouseMarket,Москитная сетка, 934 руб.,https://www.wildberries.ru/catalog/26247524/detail.aspx?targetUrl=GP
ФурнитураОк,Ручка оконная, 390 руб.,https://www.wildberries.ru/catalog/14854601/detail.aspx?targetUrl=GP
Home comfort!,Москитная сетка, 359 руб.,https://www.wildberries.ru/catalog/72004133/detail.aspx?targetUrl=GP
Ремесло,Москитная сетка, 336 руб.,https://www.wildberries.ru/catalog/61344611/detail.aspx?targetUrl=GP
DECOTEX,Москитная сетка магнит, 690 руб.,https://www.wildberries.ru/catalog/12010395/detail.aspx?targetUrl=GP
DECOTEX,Москитная сетка магнит, 690 руб.,https://www.wildberries.ru/catalog/12010398/detail.aspx?targetUrl=GP
DECOTEX,Москитная сетка магнит, 690 руб.,https://www.wildberries.ru/catalog/12010394/detail.aspx?targetUrl=GP
OKNO-V,Ремкомплект для москитной сетки, 315 руб.,https://www.wildberries.ru/catalog/22371543/detail.aspx?targetUrl=GP
Air-Box,Клапан оконный, 994 руб.,https://www.wildberries.ru/catalog/11315564/detail.aspx?targetUrl=GP
ФурнитураОк,Ремкомплект для москитной сетки, 180 руб.,https://www.wildberries.ru/catalog/16191233/detail.aspx?targetUrl=GP
SunHouse,Москитная сетка подвесной, 1 344 руб.,https://www.wildberries.ru/catalog/42636390/detail.aspx?targetUrl=GP
Air-Box,Клапан оконный, 514 руб.,https://www.wildberries.ru/catalog/11315565/detail.aspx?targetUrl=GP
Ремесло,Москитная сетка, 208 руб.,https://www.wildberries.ru/catalog/70321329/detail.aspx?targetUrl=GP
ФурнитураОк,Замок оконный, 309 руб.,https://www.wildberries.ru/catalog/12815003/detail.aspx?targetUrl=GP
Nortex,Москитная сетка Гвоздик / Крепления на клеевой основе, 1 200 руб.,https://www.wildberries.ru/catalog/26960629/detail.aspx?targetUrl=GP
ROVANDI HOME,Москитная сетка магнит / Гвоздик, 410 руб.,https://www.wildberries.ru/catalog/29308411/detail.aspx?targetUrl=GP
ФурнитураОк,Ремкомплект для москитной сетки, 241 руб.,https://www.wildberries.ru/catalog/34173414/detail.aspx?targetUrl=GP
DECOTEX,Москитная сетка магнит, 1 190 руб.,https://www.wildberries.ru/catalog/12010399/detail.aspx?targetUrl=GP
PROMO,Ремкомплект для москитной сетки, 303 руб.,https://www.wildberries.ru/catalog/24775741/detail.aspx?targetUrl=GP
EMI security,Замок оконный, 586 руб.,https://www.wildberries.ru/catalog/38847834/detail.aspx?targetUrl=GP
ФурнитураОк,Замок оконный, 636 руб.,https://www.wildberries.ru/catalog/25984362/detail.aspx?targetUrl=GP
ФурнитураОк,Замок оконный, 485 руб.,https://www.wildberries.ru/catalog/34962225/detail.aspx?targetUrl=GP
LeoSafe,Москитная сетка скотч / гвоздь, 867 руб.,https://www.wildberries.ru/catalog/25332519/detail.aspx?targetUrl=GP
ФурнитураОк,Ограничитель оконный, 275 руб.,https://www.wildberries.ru/catalog/43951836/detail.aspx?targetUrl=GP
Villa Ora,Москитная сетка, 922 руб.,https://www.wildberries.ru/catalog/74041274/detail.aspx?targetUrl=GP
ФурнитураОк,Замок оконный, 721 руб.,https://www.wildberries.ru/catalog/26111870/detail.aspx?targetUrl=GP
ol&vo,Москитная сетка лента на клеевой основе, 300 руб.,https://www.wildberries.ru/catalog/75446417/detail.aspx?targetUrl=GP
EMI security,Замок оконный, 706 руб.,https://www.wildberries.ru/catalog/21476165/detail.aspx?targetUrl=GP
Trendvita,Москитная сетка клейкая поверхность / липучки, 946 руб.,https://www.wildberries.ru/catalog/32688380/detail.aspx?targetUrl=GP
inbloom,Москитная сетка крепежная репейная лента, 186 руб.,https://www.wildberries.ru/catalog/18968475/detail.aspx?targetUrl=GP
Удачные товары,Москитная сетка, 841 руб.,https://www.wildberries.ru/catalog/73732790/detail.aspx?targetUrl=GP
Ремесло,Москитная сетка, 300 руб.,https://www.wildberries.ru/catalog/63513330/detail.aspx?targetUrl=GP
ROVANDI HOME,Москитная сетка магнит / Гвоздик, 390 руб.,https://www.wildberries.ru/catalog/29375537/detail.aspx?targetUrl=GP
хорошее заведение,Москитная сетка, 405 руб.,https://www.wildberries.ru/catalog/61550652/detail.aspx?targetUrl=GP
Dorothea,Москитная сетка Самоклеящаяся контактная лента / гвоздь; настеннный; подвесной, 1 229 руб.,https://www.wildberries.ru/catalog/76332715/detail.aspx?targetUrl=GP
OKNO-V,Москитная сетка, 218 руб.,https://www.wildberries.ru/catalog/66514301/detail.aspx?targetUrl=GP
ФурнитураОк,Ограничитель оконный, 133 руб.,https://www.wildberries.ru/catalog/41400863/detail.aspx?targetUrl=GP
НОРА-М,Прочая дверная фурнитура, 869 руб.,https://www.wildberries.ru/catalog/12625727/detail.aspx?targetUrl=GP
Домотек,Москитная сетка магнит, 1 039 руб.,https://www.wildberries.ru/catalog/30224023/detail.aspx?targetUrl=GP
HouseMarket,Москитная сетка, 934 руб.,https://www.wildberries.ru/catalog/26247525/detail.aspx?targetUrl=GP
ФурнитураОк,Ручка оконная, 390 руб.,https://www.wildberries.ru/catalog/12652103/detail.aspx?targetUrl=GP
Домашний Мастер,Доводчик дверной, 315 руб.,https://www.wildberries.ru/catalog/37793010/detail.aspx?targetUrl=GP
Доступный Дом,Москитная сетка, 235 руб.,https://www.wildberries.ru/catalog/28249903/detail.aspx?targetUrl=GP
ISPARUS,Прочая дверная фурнитура, 639 руб.,https://www.wildberries.ru/catalog/12657306/detail.aspx?targetUrl=GP
ФурнитураОк,Замок оконный, 352 руб.,https://www.wildberries.ru/catalog/34962216/detail.aspx?targetUrl=GP
TRIUGHI GROUP HOME,Москитная сетка Клейка лента, 208 руб.,https://www.wildberries.ru/catalog/76753437/detail.aspx?targetUrl=GP
SFT GROUP,Ограничитель оконный, 176 руб.,https://www.wildberries.ru/catalog/36197766/detail.aspx?targetUrl=GP
ФурнитураОк,Ручка оконная, 741 руб.,https://www.wildberries.ru/catalog/19207010/detail.aspx?targetUrl=GP
SEVEL,Ограничитель оконный, 550 руб.,https://www.wildberries.ru/catalog/42215139/detail.aspx?targetUrl=GP
HoneyHome,Стоппер, 251 руб.,https://www.wildberries.ru/catalog/41468116/detail.aspx?targetUrl=GP
inerta,Ручка дверная, 920 руб.,https://www.wildberries.ru/catalog/40551569/detail.aspx?targetUrl=GP
Макбет,Ручка оконная, 172 руб.,https://www.wildberries.ru/catalog/21180975/detail.aspx?targetUrl=GP
ECOALLA FAMILY-OWNED,Москитная сетка Самоклеящаяся контактная лента, 244 руб.,https://www.wildberries.ru/catalog/28056893/detail.aspx?targetUrl=GP
Able Goods,Москитная сетка клейкая поверхность, 272 руб.,https://www.wildberries.ru/catalog/66171106/detail.aspx?targetUrl=GP
MyPost,Ящик почтовый, 3 150 руб.,https://www.wildberries.ru/catalog/17221314/detail.aspx?targetUrl=GP
EMI security,Замок оконный, 483 руб.,https://www.wildberries.ru/catalog/31337020/detail.aspx?targetUrl=GP
OKNO-V,Ремкомплект для москитной сетки, 338 руб.,https://www.wildberries.ru/catalog/47512243/detail.aspx?targetUrl=GP
ФурнитураОк,Ручка оконная, 182 руб.,https://www.wildberries.ru/catalog/12272665/detail.aspx?targetUrl=GP
ProfileGroup,Наборы для обивки дверей, 750 руб.,https://www.wildberries.ru/catalog/49905492/detail.aspx?targetUrl=GP
Albena,Ручка оконная, 120 руб.,https://www.wildberries.ru/catalog/17501308/detail.aspx?targetUrl=GP
ФурнитураОк,Прочая дверная фурнитура, 362 руб.,https://www.wildberries.ru/catalog/61742690/detail.aspx?targetUrl=GP
Q-shop,Москитная сетка Кнопки, 509 руб.,https://www.wildberries.ru/catalog/73302744/detail.aspx?targetUrl=GP
Протектор,Москитная сетка, 197 руб.,https://www.wildberries.ru/catalog/72841605/detail.aspx?targetUrl=GP
Nortex,Москитная сетка Гвоздик / Крепления на клеевой основе, 980 руб.,https://www.wildberries.ru/catalog/26960630/detail.aspx?targetUrl=GP
ФурнитураОк,Ручка оконная, 380 руб.,https://www.wildberries.ru/catalog/12334306/detail.aspx?targetUrl=GP
DIVERSE STORE,Москитная сетка, 360 руб.,https://www.wildberries.ru/catalog/74807504/detail.aspx?targetUrl=GP
Semperit,Уплотнитель для окна, 539 руб.,https://www.wildberries.ru/catalog/60733010/detail.aspx?targetUrl=GP
HOMEBEN,Стоппер, 347 руб.,https://www.wildberries.ru/catalog/37554790/detail.aspx?targetUrl=GP
ISPARUS,Прочая дверная фурнитура, 639 руб.,https://www.wildberries.ru/catalog/12657303/detail.aspx?targetUrl=GP
Semperit,Уплотнитель для окна, 360 руб.,https://www.wildberries.ru/catalog/20954857/detail.aspx?targetUrl=GP
Home Bazar,Москитная сетка клейкая поверхность, 296 руб.,https://www.wildberries.ru/catalog/27437847/detail.aspx?targetUrl=GP
EMI security,Замок оконный, 459 руб.,https://www.wildberries.ru/catalog/38847943/detail.aspx?targetUrl=GP
22.12,Стоппер, 487 руб.,https://www.wildberries.ru/catalog/33341450/detail.aspx?targetUrl=GP
TRADE and BUSINESS,Москитная сетка липучки / на кнопках, 1 128 руб.,https://www.wildberries.ru/catalog/70893620/detail.aspx?targetUrl=GP
