Title;Price;Price MSRP;Link;Image link
Tommy Hilfiger - Sleeveless Stripe Snap Shoulder Knit. Color Midnight/Multi.;$19.58;no MSRP price;https://www.6pm.com/p/tommy-hilfiger-sleeveless-stripe-snap-shoulder-knit-midnight-multi/product/9787719/color/203646;https://m.media-amazon.com/images/I/715QURfif+L._AC_SR255,340_.jpg
Tommy Hilfiger - Linen Pants. Color Bright White.;$31.33;no MSRP price;https://www.6pm.com/p/tommy-hilfiger-linen-pants-bright-white/product/9670877/color/43247;https://m.media-amazon.com/images/I/51GDhSTBwZL._AC_SR255,340_.jpg
London Times - Ruffle Collar Halter Maxi. Color Berry.;$59.00;no MSRP price;https://www.6pm.com/p/london-times-ruffle-collar-halter-maxi-berry/product/9721650/color/1897;https://m.media-amazon.com/images/I/71as7s8aSIL._AC_SR255,340_.jpg
Tommy Hilfiger - Short Sleeve Global Stripe Zip Polo. Color Sky Captain Multi.;$29.87;no MSRP price;https://www.6pm.com/p/tommy-hilfiger-short-sleeve-global-stripe-zip-polo-sky-captain-multi/product/9670866/color/808971;https://m.media-amazon.com/images/I/815Xy9d1BFL._AC_SR255,340_.jpg
Tommy Hilfiger - Hampton Dot Chino Pants. Color Bright White/Sky Captain.;$38.23;no MSRP price;https://www.6pm.com/p/tommy-hilfiger-hampton-dot-chino-pants-bright-white-sky-captain/product/9673137/color/852922;https://m.media-amazon.com/images/I/71dlSHryG0L._AC_SR255,340_.jpg
Tommy Hilfiger - Hampton Dot Chino Pants. Color Sky Captain/Bright White.;$38.23;no MSRP price;https://www.6pm.com/p/tommy-hilfiger-hampton-dot-chino-pants-sky-captain-bright-white/product/9673137/color/858095;https://m.media-amazon.com/images/I/71-VcCK-2gL._AC_SR255,340_.jpg
Tommy Hilfiger - Linen Pants. Color Sky Captain.;$53.70;no MSRP price;https://www.6pm.com/p/tommy-hilfiger-linen-pants-sky-captain/product/9670877/color/444168;https://m.media-amazon.com/images/I/71zdRMPsI5L._AC_SR255,340_.jpg
XSCAPE - Long Sleeve Sheer Matte Jersey w/ Embroidered Top. Color Navy/Gold.;$149.00;no MSRP price;https://www.6pm.com/p/xscape-long-sleeve-sheer-matte-jersey-w-embroidered-top-navy-gold/product/9726216/color/1417;https://m.media-amazon.com/images/I/61awl72PLYL._AC_SR255,340_.jpg
"U.S. POLO ASSN. - 9"" Mid-Rise Slim Chino Stretch Sateen Bermuda. Color Pink Peacock.";$24.20;no MSRP price;https://www.6pm.com/p/u-s-polo-assn-9-mid-rise-slim-chino-stretch-sateen-bermuda-pink-peacock/product/9791353/color/706066;https://m.media-amazon.com/images/I/715Cs+3QB9L._AC_SR255,340_.jpg
Tommy Hilfiger - Peasant Tiered Dress. Color Bright White.;$38.18;no MSRP price;https://www.6pm.com/p/tommy-hilfiger-peasant-tiered-dress-bright-white/product/9691576/color/43247;https://m.media-amazon.com/images/I/61xWVXlVEML._AC_SR255,340_.jpg
PUMA - RTG V-Neck Tee. Color Puma Black Heather.;$17.50;no MSRP price;https://www.6pm.com/p/puma-rtg-v-neck-tee-puma-black-heather/product/9701485/color/631289;https://m.media-amazon.com/images/I/81PSzIGF3EL._AC_SR255,340_.jpg
Tommy Hilfiger - Linen Pants. Color Natural.;$49.23;no MSRP price;https://www.6pm.com/p/tommy-hilfiger-linen-pants-natural/product/9670877/color/19;https://m.media-amazon.com/images/I/71hJlwU0ZIL._AC_SR255,340_.jpg
Tommy Hilfiger - Flutter Sleeve Dress. Color Sky Captain.;$35.70;no MSRP price;https://www.6pm.com/p/tommy-hilfiger-flutter-sleeve-dress-sky-captain/product/9691575/color/444168;https://m.media-amazon.com/images/I/71dkfzQIGQL._AC_SR255,340_.jpg
Tommy Hilfiger - Short Sleeve V-Neck Tee Stripe. Color Virid Multi.;$14.22;no MSRP price;https://www.6pm.com/p/tommy-hilfiger-short-sleeve-v-neck-tee-stripe-virid-multi/product/9805358/color/1021316;https://m.media-amazon.com/images/I/81ohHHtoabL._AC_SR255,340_.jpg
Tommy Hilfiger - Short Sleeve Rugby Polo. Color Sky Captain/Scarlet.;$27.08;no MSRP price;https://www.6pm.com/p/tommy-hilfiger-short-sleeve-rugby-polo-sky-captain-scarlet/product/9673101/color/873943;https://m.media-amazon.com/images/I/7182uEUOKbL._AC_SR255,340_.jpg
Tommy Hilfiger - Short Sleeve Daisy V-Neck Tee. Color Rosette Multi.;$14.70;no MSRP price;https://www.6pm.com/p/tommy-hilfiger-short-sleeve-daisy-v-neck-tee-rosette-multi/product/9691605/color/906910;https://m.media-amazon.com/images/I/814GOtA8urL._AC_SR255,340_.jpg
Tommy Hilfiger - Short Sleeve Daisy V-Neck Tee. Color Oasis Combo.;$14.70;no MSRP price;https://www.6pm.com/p/tommy-hilfiger-short-sleeve-daisy-v-neck-tee-oasis-combo/product/9691605/color/976673;https://m.media-amazon.com/images/I/71LKJ0KfgyL._AC_SR255,340_.jpg
"Tommy Hilfiger - 5"" Dot Chino Shorts. Color Bright White/Sky Captain.";$35.70;no MSRP price;https://www.6pm.com/p/tommy-hilfiger-5-dot-chino-shorts-bright-white-sky-captain/product/9673739/color/852922;https://m.media-amazon.com/images/I/71l3MExuBvL._AC_SR255,340_.jpg
Bobeau - Midi Skirt. Color Multicolor Stripe.;$26.10;no MSRP price;https://www.6pm.com/p/bobeau-midi-skirt-multicolor-stripe/product/9814062/color/702946;https://m.media-amazon.com/images/I/81MVl4LwaoL._AC_SR255,340_.jpg
Tommy Hilfiger - Smock Waist Top. Color Oasis.;$27.23;no MSRP price;https://www.6pm.com/p/tommy-hilfiger-smock-waist-top-oasis/product/9691603/color/92711;https://m.media-amazon.com/images/I/715ObrL9gFL._AC_SR255,340_.jpg
Bobeau - Midi Skirt. Color Olive Multi.;$23.20;no MSRP price;https://www.6pm.com/p/bobeau-midi-skirt-olive-multi/product/9814062/color/42085;https://m.media-amazon.com/images/I/81waQ0QhiPL._AC_SR255,340_.jpg
Bobeau - Short Sleeve Fitted Top. Color Olive Multi.;$20.00;no MSRP price;https://www.6pm.com/p/bobeau-short-sleeve-fitted-top-olive-multi/product/9814058/color/42085;https://m.media-amazon.com/images/I/81dSv8mp2nL._AC_SR255,340_.jpg
Bobeau - Shirred Neck Tank. Color Steel Blue.;$20.00;no MSRP price;https://www.6pm.com/p/bobeau-shirred-neck-tank-steel-blue/product/9814060/color/56994;https://m.media-amazon.com/images/I/81Jnq7uHpgL._AC_SR255,340_.jpg
Tommy Hilfiger - Floral Logo Tee. Color Bright White.;$23.70;no MSRP price;https://www.6pm.com/p/tommy-hilfiger-floral-logo-tee-bright-white/product/9691601/color/43247;https://m.media-amazon.com/images/I/61-Kjfast3L._AC_SR255,340_.jpg
Tommy Hilfiger - Americana Flag Dress. Color Iconic Multi.;$29.70;no MSRP price;https://www.6pm.com/p/tommy-hilfiger-americana-flag-dress-iconic-multi/product/9691591/color/883860;https://m.media-amazon.com/images/I/719Kyu7+pAL._AC_SR255,340_.jpg
Tommy Hilfiger - Smock Waist Top. Color Bright White.;$29.70;no MSRP price;https://www.6pm.com/p/tommy-hilfiger-smock-waist-top-bright-white/product/9691603/color/43247;https://m.media-amazon.com/images/I/71yK6BB0Q8L._AC_SR255,340_.jpg
Tommy Hilfiger - Sleeveless Sneaker Dress. Color Sky Captain.;$35.70;no MSRP price;https://www.6pm.com/p/tommy-hilfiger-sleeveless-sneaker-dress-sky-captain/product/9691587/color/444168;https://m.media-amazon.com/images/I/71a6a1aBIqL._AC_SR255,340_.jpg
Tommy Hilfiger - Sleeveless Sneaker Dress. Color Scarlet.;$35.70;no MSRP price;https://www.6pm.com/p/tommy-hilfiger-sleeveless-sneaker-dress-scarlet/product/9691587/color/4774;https://m.media-amazon.com/images/I/6127QmHhk7L._AC_SR255,340_.jpg
Bobeau - Short Sleeve Fitted Top. Color Multicolor Stripe.;$22.50;no MSRP price;https://www.6pm.com/p/bobeau-short-sleeve-fitted-top-multicolor-stripe/product/9814058/color/702946;https://m.media-amazon.com/images/I/81Tm+NqsGeL._AC_SR255,340_.jpg
Bobeau - Smock Double Layer Skirt. Color Steel Blue.;$27.00;no MSRP price;https://www.6pm.com/p/bobeau-smock-double-layer-skirt-steel-blue/product/9814063/color/56994;https://m.media-amazon.com/images/I/71pXeJKDy8L._AC_SR255,340_.jpg
Tommy Hilfiger - Belted Chambray Romper. Color Light Benson.;$65.70;no MSRP price;https://www.6pm.com/p/tommy-hilfiger-belted-chambray-romper-light-benson/product/9691563/color/927536;https://m.media-amazon.com/images/I/81xWugg4iWL._AC_SR255,340_.jpg
Tommy Hilfiger - Solid Short Sleeve Polo. Color Ballerina Pink.;$27.93;no MSRP price;https://www.6pm.com/p/tommy-hilfiger-solid-short-sleeve-polo-ballerina-pink/product/9496896/color/24933;https://m.media-amazon.com/images/I/71ENyk-EGDL._AC_SR255,340_.jpg
Tommy Hilfiger - Floral Jacquard Sweater. Color Bright White.;$47.70;no MSRP price;https://www.6pm.com/p/tommy-hilfiger-floral-jacquard-sweater-bright-white/product/9691652/color/43247;https://m.media-amazon.com/images/I/71PlyNjYNrL._AC_SR255,340_.jpg
Tommy Hilfiger - Sleeveless Solid Polo. Color Bright White.;$26.70;no MSRP price;https://www.6pm.com/p/tommy-hilfiger-sleeveless-solid-polo-bright-white/product/9691640/color/43247;https://m.media-amazon.com/images/I/61BwsnzXaaL._AC_SR255,340_.jpg
Tommy Hilfiger - Global Heart Polo. Color Ballerina Pink.;$29.70;no MSRP price;https://www.6pm.com/p/tommy-hilfiger-global-heart-polo-ballerina-pink/product/9691636/color/24933;https://m.media-amazon.com/images/I/61m+JwWkXLL._AC_SR255,340_.jpg
Avec Les Filles - Coat Long Sherpa Lined Puffer. Color Black/White Combo.;$146.25;no MSRP price;https://www.6pm.com/p/avec-les-filles-coat-long-sherpa-lined-puffer-black-white-combo/product/9617851/color/28897;https://m.media-amazon.com/images/I/61H-kUUJQUL._AC_SR255,340_.jpg
Tommy Hilfiger - Global Heart Polo. Color Bright White.;$29.70;no MSRP price;https://www.6pm.com/p/tommy-hilfiger-global-heart-polo-bright-white/product/9691636/color/43247;https://m.media-amazon.com/images/I/7137xgR208L._AC_SR255,340_.jpg
Tommy Hilfiger - Sleeveless Solid Polo. Color Snapdragon.;$26.70;no MSRP price;https://www.6pm.com/p/tommy-hilfiger-sleeveless-solid-polo-snapdragon/product/9691640/color/58311;https://m.media-amazon.com/images/I/61BH8YC3AGL._AC_SR255,340_.jpg
LAUREN Ralph Lauren - Plus Size Kahwell Long Sleeve Casual Dress. Color Polo Black/Mas Cream Multi. Low Stock.;$80.75;no MSRP price;https://www.6pm.com/p/lauren-ralph-lauren-plus-size-kahwell-long-sleeve-casual-dress-polo-black-mas-cream-multi/product/9699422/color/979041;https://m.media-amazon.com/images/I/81cNTd8CUTL._AC_SR255,340_.jpg
Tommy Hilfiger - Dot Tiered Midi Dress. Color Scarlet Multi.;$31.33;no MSRP price;https://www.6pm.com/p/tommy-hilfiger-dot-tiered-midi-dress-scarlet-multi/product/9691595/color/373343;https://m.media-amazon.com/images/I/71Om3fC3EQL._AC_SR255,340_.jpg
Tommy Hilfiger - Sleeveless Solid Polo. Color Sky Captain.;$26.70;no MSRP price;https://www.6pm.com/p/tommy-hilfiger-sleeveless-solid-polo-sky-captain/product/9691640/color/444168;https://m.media-amazon.com/images/I/71W-nKwAdAL._AC_SR255,340_.jpg
Tommy Jeans - Crop Badge Tee. Color Scarlet.;$23.40;no MSRP price;https://www.6pm.com/p/tommy-jeans-crop-badge-tee-scarlet/product/9796453/color/4774;https://m.media-amazon.com/images/I/71WzMZn5zSL._AC_SR255,340_.jpg
Tommy Hilfiger - Peasant Tiered Dress. Color Bloom.;$35.69;no MSRP price;https://www.6pm.com/p/tommy-hilfiger-peasant-tiered-dress-bloom/product/9691576/color/22731;https://m.media-amazon.com/images/I/71hQ3s4-SXL._AC_SR255,340_.jpg
Tommy Hilfiger - Solid Short Sleeve Polo. Color Bloom.;$26.70;no MSRP price;https://www.6pm.com/p/tommy-hilfiger-solid-short-sleeve-polo-bloom/product/9691654/color/22731;https://m.media-amazon.com/images/I/71es5chDJYL._AC_SR255,340_.jpg
Tommy Hilfiger - Solid Short Sleeve Polo. Color Bubblegum.;$26.70;no MSRP price;https://www.6pm.com/p/tommy-hilfiger-solid-short-sleeve-polo-bubblegum/product/9496896/color/13677;https://m.media-amazon.com/images/I/71SH2UI8QUL._AC_SR255,340_.jpg
Tommy Hilfiger - Short Sleeve Contrast Logo Tee. Color Chili.;$23.70;no MSRP price;https://www.6pm.com/p/tommy-hilfiger-short-sleeve-contrast-logo-tee-chili/product/9670377/color/284;https://m.media-amazon.com/images/I/71sSJT4cn+L._AC_SR255,340_.jpg
"Tommy Jeans - 3"" High-Rise Flag Shorts. Color Elliot.";$32.45;no MSRP price;https://www.6pm.com/p/tommy-jeans-3-high-rise-flag-shorts-elliot/product/9686400/color/628760;https://m.media-amazon.com/images/I/71jRt9qBAbL._AC_SR255,340_.jpg
Tommy Hilfiger - Flare Polo Dress. Color Scarlet.;$47.70;no MSRP price;https://www.6pm.com/p/tommy-hilfiger-flare-polo-dress-scarlet/product/9691584/color/4774;https://m.media-amazon.com/images/I/619b45UmdAL._AC_SR255,340_.jpg
Tommy Hilfiger - Drawstring Trucker Jacket. Color Ginseng.;$59.70;no MSRP price;https://www.6pm.com/p/tommy-hilfiger-drawstring-trucker-jacket-ginseng/product/9670346/color/7634;https://m.media-amazon.com/images/I/81gTDA226eL._AC_SR255,340_.jpg
Tommy Jeans - Fuse Logo Baseball Tee. Color Confetti.;$17.55;no MSRP price;https://www.6pm.com/p/tommy-jeans-fuse-logo-baseball-tee-confetti/product/9686384/color/142376;https://m.media-amazon.com/images/I/61jKBdDXvOL._AC_SR255,340_.jpg
Tommy Hilfiger - Dip-Dye Cable Tank. Color Bright White/Oasis.;$38.23;no MSRP price;https://www.6pm.com/p/tommy-hilfiger-dip-dye-cable-tank-bright-white-oasis/product/9691635/color/976678;https://m.media-amazon.com/images/I/71NPIHBl0EL._AC_SR255,340_.jpg
Tommy Hilfiger - Tie Sleeve Tee. Color Chambray Heather.;$26.70;no MSRP price;https://www.6pm.com/p/tommy-hilfiger-tie-sleeve-tee-chambray-heather/product/9691607/color/142419;https://m.media-amazon.com/images/I/71NGFUkmUbL._AC_SR255,340_.jpg
Tommy Hilfiger - V-Neck Midi Dress. Color Snapdragon.;$26.78;no MSRP price;https://www.6pm.com/p/tommy-hilfiger-v-neck-midi-dress-snapdragon/product/9691588/color/58311;https://m.media-amazon.com/images/I/612s5q07T2L._AC_SR255,340_.jpg
Tommy Hilfiger - Lace-Up Floral Flutter Dress. Color Sky Captain Multi.;$59.70;no MSRP price;https://www.6pm.com/p/tommy-hilfiger-lace-up-floral-flutter-dress-sky-captain-multi/product/9691580/color/808971;https://m.media-amazon.com/images/I/81GYbRRcklL._AC_SR255,340_.jpg
Tommy Hilfiger - Short Sleeve Color-Block Dress. Color Sky Captain.;$29.70;no MSRP price;https://www.6pm.com/p/tommy-hilfiger-short-sleeve-color-block-dress-sky-captain/product/9691598/color/444168;https://m.media-amazon.com/images/I/61RSVGHP3RL._AC_SR255,340_.jpg
Tommy Hilfiger - Global Heart Polo. Color Stone Grey Heather.;$29.70;no MSRP price;https://www.6pm.com/p/tommy-hilfiger-global-heart-polo-stone-grey-heather/product/9691636/color/258251;https://m.media-amazon.com/images/I/71PqGFm48uL._AC_SR255,340_.jpg
Tommy Hilfiger - Tiered Midi Dress. Color Chambray Heather.;$31.33;no MSRP price;https://www.6pm.com/p/tommy-hilfiger-tiered-midi-dress-chambray-heather/product/9691597/color/142419;https://m.media-amazon.com/images/I/61LfTRXJW+L._AC_SR255,340_.jpg
Tommy Hilfiger - Diagonal Color-Block Polo. Color Scarlet/Sky Captain.;$29.70;no MSRP price;https://www.6pm.com/p/tommy-hilfiger-diagonal-color-block-polo-scarlet-sky-captain/product/9691618/color/858091;https://m.media-amazon.com/images/I/71mxvY9ECzL._AC_SR255,340_.jpg
Tommy Hilfiger - Diagonal Color-Block Polo. Color Sky Captain/Bright White.;$26.59;no MSRP price;https://www.6pm.com/p/tommy-hilfiger-diagonal-color-block-polo-sky-captain-bright-white/product/9691618/color/858095;https://m.media-amazon.com/images/I/71wSTVu0tvL._AC_SR255,340_.jpg
Tommy Hilfiger - Short Sleeve Global Zip Polo. Color Sky Captain.;$30.78;no MSRP price;https://www.6pm.com/p/tommy-hilfiger-short-sleeve-global-zip-polo-sky-captain/product/9670373/color/444168;https://m.media-amazon.com/images/I/71QMfyeW9kL._AC_SR255,340_.jpg
"U.S. POLO ASSN. - 9"" Mid-Rise Slim Chino Stretch Sateen Bermuda. Color Classic Navy.";$30.80;no MSRP price;https://www.6pm.com/p/u-s-polo-assn-9-mid-rise-slim-chino-stretch-sateen-bermuda-classic-navy/product/9791353/color/7835;https://m.media-amazon.com/images/I/612lROyTquL._AC_SR255,340_.jpg
Tommy Hilfiger - Jonny Collar Polo Dress. Color Geranium.;$35.70;no MSRP price;https://www.6pm.com/p/tommy-hilfiger-jonny-collar-polo-dress-geranium/product/9805060/color/26011;https://m.media-amazon.com/images/I/71jWL+KdMfL._AC_SR255,340_.jpg
Tommy Hilfiger - Over-the-Shoulder Top with Embroidery. Color Sky Captain.;$41.70;no MSRP price;https://www.6pm.com/p/tommy-hilfiger-over-the-shoulder-top-with-embroidery-sky-captain/product/9805420/color/444168;https://m.media-amazon.com/images/I/817ZyXOq2pL._AC_SR255,340_.jpg
Tommy Hilfiger - Over-the-Shoulder Top with Embroidery. Color Bright White.;$38.23;no MSRP price;https://www.6pm.com/p/tommy-hilfiger-over-the-shoulder-top-with-embroidery-bright-white/product/9805420/color/43247;https://m.media-amazon.com/images/I/81qSaiZc-RL._AC_SR255,340_.jpg
Tommy Hilfiger - Linen Camp Shirt. Color Sky Captain.;$35.70;no MSRP price;https://www.6pm.com/p/tommy-hilfiger-linen-camp-shirt-sky-captain/product/9670879/color/444168;https://m.media-amazon.com/images/I/71YZRk9y9jL._AC_SR255,340_.jpg
Tommy Jeans - Balloon Sleeve Denim Jacket. Color Camelia Wash.;$53.40;no MSRP price;https://www.6pm.com/p/tommy-jeans-balloon-sleeve-denim-jacket-camelia-wash/product/9686331/color/974882;https://m.media-amazon.com/images/I/8190IGI0jxL._AC_SR255,340_.jpg
"U.S. POLO ASSN. - 9"" Mid-Rise Slim Chino Stretch Sateen Bermuda. Color White.";$24.20;no MSRP price;https://www.6pm.com/p/u-s-polo-assn-9-mid-rise-slim-chino-stretch-sateen-bermuda-white/product/9791353/color/14;https://m.media-amazon.com/images/I/61pssPEUPKL._AC_SR255,340_.jpg
"U.S. POLO ASSN. - 9"" Mid-Rise Slim Chino Stretch Sateen Bermuda. Color Pale Khaki.";$24.20;no MSRP price;https://www.6pm.com/p/u-s-polo-assn-9-mid-rise-slim-chino-stretch-sateen-bermuda-pale-khaki/product/9791353/color/143622;https://m.media-amazon.com/images/I/6150orC277L._AC_SR255,340_.jpg
Fila - Essentials Full Coverage Tank. Color White.;$35.99;no MSRP price;https://www.6pm.com/p/fila-essentials-full-coverage-tank-white/product/9685646/color/14;https://m.media-amazon.com/images/I/71E4UkgQzwL._AC_SR255,340_.jpg
Fila - Short Sleeve V-Neck. Color Grey Heather.;$15.99;no MSRP price;https://www.6pm.com/p/fila-short-sleeve-v-neck-grey-heather/product/9685642/color/1471;https://m.media-amazon.com/images/I/810kgXX1BiL._AC_SR255,340_.jpg
Fila - Essentials Tiered Skort. Color Navy.;$39.99;no MSRP price;https://www.6pm.com/p/fila-essentials-tiered-skort-navy/product/9685650/color/9;https://m.media-amazon.com/images/I/61R-87SqcgL._AC_SR255,340_.jpg
Tommy Hilfiger - Floral Ladder Trim Tee. Color Scarlet Multi.;$35.70;no MSRP price;https://www.6pm.com/p/tommy-hilfiger-floral-ladder-trim-tee-scarlet-multi/product/9691613/color/373343;https://m.media-amazon.com/images/I/81CIRKXR1+L._AC_SR255,340_.jpg
Tommy Hilfiger - Floral Ladder Trim Tee. Color Sky Captain Multi.;$35.70;no MSRP price;https://www.6pm.com/p/tommy-hilfiger-floral-ladder-trim-tee-sky-captain-multi/product/9691613/color/808971;https://m.media-amazon.com/images/I/81S1UDSr7kL._AC_SR255,340_.jpg
Tommy Hilfiger - Americana Baseball Tee. Color Stone Grey Heather.;$23.70;no MSRP price;https://www.6pm.com/p/tommy-hilfiger-americana-baseball-tee-stone-grey-heather/product/9691610/color/258251;https://m.media-amazon.com/images/I/81zGAQaRyOL._AC_SR255,340_.jpg
Tommy Hilfiger - Americana Tie Front Tee. Color Bright White.;$29.70;no MSRP price;https://www.6pm.com/p/tommy-hilfiger-americana-tie-front-tee-bright-white/product/9691609/color/43247;https://m.media-amazon.com/images/I/81Q3OEZ4M0L._AC_SR255,340_.jpg
Tommy Hilfiger - Americana Baseball Tee. Color Sky Captain.;$23.70;no MSRP price;https://www.6pm.com/p/tommy-hilfiger-americana-baseball-tee-sky-captain/product/9691610/color/444168;https://m.media-amazon.com/images/I/71PmPc8iAHL._AC_SR255,340_.jpg
Tommy Hilfiger - Americana Tie Front Tee. Color Scarlet.;$29.70;no MSRP price;https://www.6pm.com/p/tommy-hilfiger-americana-tie-front-tee-scarlet/product/9691609/color/4774;https://m.media-amazon.com/images/I/81+cviTo3mL._AC_SR255,340_.jpg
"Nicole Miller New York - 9"" Perfection  Shorts in Lucero. Color Lucero.";$16.20;no MSRP price;https://www.6pm.com/p/nicole-miller-new-york-9-perfection-shorts-in-lucero-lucero/product/9713653/color/987132;https://m.media-amazon.com/images/I/816L14OUakL._AC_SR255,340_.jpg
"Nicole Miller New York - 5"" Fray Hem in Dune. Color Dune.";$24.30;no MSRP price;https://www.6pm.com/p/nicole-miller-new-york-5-fray-hem-in-dune-dune/product/9714360/color/769;https://m.media-amazon.com/images/I/71QAXAyykqL._AC_SR255,340_.jpg
BB Dakota by Steve Madden - Out Late Dress. Color Tangerine.;$42.76;no MSRP price;https://www.6pm.com/p/bb-dakota-by-steve-madden-out-late-dress-tangerine/product/9719233/color/4666;https://m.media-amazon.com/images/I/610XEjjyQML._AC_SR255,340_.jpg
Tommy Hilfiger - Flare Polo Dress. Color Sky Captain.;$47.70;no MSRP price;https://www.6pm.com/p/tommy-hilfiger-flare-polo-dress-sky-captain/product/9691584/color/444168;https://m.media-amazon.com/images/I/61-LzxM4JJL._AC_SR255,340_.jpg
Tommy Hilfiger - Flutter Sleeve Dress. Color Azalea. Low Stock.;$35.70;no MSRP price;https://www.6pm.com/p/tommy-hilfiger-flutter-sleeve-dress-azalea/product/9691575/color/22446;https://m.media-amazon.com/images/I/719bJidrJSL._AC_SR255,340_.jpg
Bebe - Cutout Logo Top. Color Pink Glow.;$14.70;no MSRP price;https://www.6pm.com/p/bebe-cutout-logo-top-pink-glow/product/9694924/color/113723;https://m.media-amazon.com/images/I/71ESFhvYhJL._AC_SR255,340_.jpg
Tommy Hilfiger - Puff Sleeve Gingham Shirtdress. Color Bubblegum Combo.;$71.70;no MSRP price;https://www.6pm.com/p/tommy-hilfiger-puff-sleeve-gingham-shirtdress-bubblegum-combo/product/9670344/color/682752;https://m.media-amazon.com/images/I/61oGp+UEagL._AC_SR255,340_.jpg
Bebe - Keyhole Halter Dress. Color Seafoam.;$53.55;no MSRP price;https://www.6pm.com/p/bebe-keyhole-halter-dress-seafoam/product/9686179/color/4290;https://m.media-amazon.com/images/I/61BQtfn1smL._AC_SR255,340_.jpg
Bebe - Keyhole Halter Dress. Color Black.;$47.60;no MSRP price;https://www.6pm.com/p/bebe-keyhole-halter-dress-black/product/9686179/color/3;https://m.media-amazon.com/images/I/61AasRz2ApL._AC_SR255,340_.jpg
Bebe - Keyhole Halter Dress. Color Fuchsia.;$47.60;no MSRP price;https://www.6pm.com/p/bebe-keyhole-halter-dress-fuchsia/product/9686179/color/1334;https://m.media-amazon.com/images/I/61fePUyphfL._AC_SR255,340_.jpg
Reebok - Plus Size Classics Natural Dye Waffle Shorts. Color Boulder Grey. $40.00. ;$40.00;no MSRP price;https://www.6pm.com/p/reebok-plus-size-classics-natural-dye-waffle-shorts-boulder-grey/product/9594338/color/146147;https://m.media-amazon.com/images/I/81ZiRu813WL._AC_SR255,340_.jpg
MILLY - Lennon Linen Pants. Color White. Low Stock.;$169.00;no MSRP price;https://www.6pm.com/p/milly-lennon-linen-pants-white/product/9722001/color/14;https://m.media-amazon.com/images/I/61EXA3QgYQL._AC_SR255,340_.jpg
Tommy Hilfiger - Jonny Collar Polo. Color Sky Captain. Low Stock.;$26.70;no MSRP price;https://www.6pm.com/p/tommy-hilfiger-jonny-collar-polo-sky-captain/product/9805362/color/444168;https://m.media-amazon.com/images/I/71UYJNpXR2L._AC_SR255,340_.jpg
Tommy Hilfiger - Puff Sleeve Polo. Color English Manor.;$33.99;no MSRP price;https://www.6pm.com/p/tommy-hilfiger-puff-sleeve-polo-english-manor/product/9805361/color/247579;https://m.media-amazon.com/images/I/719mg3quW2L._AC_SR255,340_.jpg
Tommy Hilfiger - Puff Sleeve Polo. Color Geranium.;$27.51;no MSRP price;https://www.6pm.com/p/tommy-hilfiger-puff-sleeve-polo-geranium/product/9805361/color/26011;https://m.media-amazon.com/images/I/710D13khGCL._AC_SR255,340_.jpg
PUMA - Essence Tee. Color Cotton Black.;$17.50;no MSRP price;https://www.6pm.com/p/puma-essence-tee-cotton-black/product/9701486/color/631299;https://m.media-amazon.com/images/I/71itPD+H+7L._AC_SR255,340_.jpg
Tommy Hilfiger - Short Sleeve V-Neck Tee Stripe. Color Geranium Multi.;$16.91;no MSRP price;https://www.6pm.com/p/tommy-hilfiger-short-sleeve-v-neck-tee-stripe-geranium-multi/product/9805357/color/80609;https://m.media-amazon.com/images/I/81cHfgsFy8L._AC_SR255,340_.jpg
"Tommy Hilfiger - 5"" Denim Shorts in White. Color White.";$45.14;no MSRP price;https://www.6pm.com/p/tommy-hilfiger-5-denim-shorts-in-white-white/product/9805352/color/14;https://m.media-amazon.com/images/I/61wtDy4mM+L._AC_SR255,340_.jpg
Tommy Hilfiger - Puff Sleeve Polo. Color Snapdragon.;$28.05;no MSRP price;https://www.6pm.com/p/tommy-hilfiger-puff-sleeve-polo-snapdragon/product/9805361/color/58311;https://m.media-amazon.com/images/I/614rB4I1nXL._AC_SR255,340_.jpg
"PUMA - Glow Up 5"" Terry Shorts. Color Cotton Black.";$21.00;no MSRP price;https://www.6pm.com/p/puma-glow-up-5-terry-shorts-cotton-black/product/9701490/color/631299;https://m.media-amazon.com/images/I/61ObZwZ271L._AC_SR255,340_.jpg
"PUMA - Glow Up 5"" Terry Shorts. Color PUMA White.";$21.00;no MSRP price;https://www.6pm.com/p/puma-glow-up-5-terry-shorts-puma-white/product/9701490/color/89251;https://m.media-amazon.com/images/I/61h1sCxVJnL._AC_SR255,340_.jpg
"Tommy Hilfiger - 5"" Denim Shorts in Fairytale. Color Fairytale.";$35.70;no MSRP price;https://www.6pm.com/p/tommy-hilfiger-5-denim-shorts-in-fairytale-fairytale/product/9805350/color/319773;https://m.media-amazon.com/images/I/61GdL21gY+L._AC_SR255,340_.jpg
"Tommy Hilfiger - 9"" Denim Shorts in Chimney. Color Chimney.";$35.70;no MSRP price;https://www.6pm.com/p/tommy-hilfiger-9-denim-shorts-in-chimney-chimney/product/9805351/color/258956;https://m.media-amazon.com/images/I/714Tx-sERlL._AC_SR255,340_.jpg
